-- phpMyAdmin SQL Dump
-- version 3.2.4
-- http://www.phpmyadmin.net
--
-- Host: localhost
-- Generation Time: Feb 11, 2010 at 05:53 PM
-- Server version: 5.1.37
-- PHP Version: 5.2.11

SET SQL_MODE="NO_AUTO_VALUE_ON_ZERO";


/*!40101 SET @OLD_CHARACTER_SET_CLIENT=@@CHARACTER_SET_CLIENT */;
/*!40101 SET @OLD_CHARACTER_SET_RESULTS=@@CHARACTER_SET_RESULTS */;
/*!40101 SET @OLD_COLLATION_CONNECTION=@@COLLATION_CONNECTION */;
/*!40101 SET NAMES utf8 */;

--
-- Database: `site_edit`
--

-- --------------------------------------------------------

--
-- Table structure for table `content`
--

CREATE TABLE `content` (
  `id` int(11) NOT NULL AUTO_INCREMENT,
  `title` varchar(256) NOT NULL,
  `content` text NOT NULL,
  PRIMARY KEY (`id`)
) ENGINE=MyISAM  DEFAULT CHARSET=latin1 AUTO_INCREMENT=3 ;

--
-- Dumping data for table `content`
--

INSERT INTO `content` VALUES(1, 'Title 1', '<p>Lorem ipsum dolor sit amet, consectetur adipisicing elit, sed do eiusmod tempor incididunt ut labore et dolore magna aliqua. Ut enim ad minim veniam, quis nostrud exercitation ullamco laboris nisi ut aliquip ex ea commodo consequat. Duis aute irure dolor in reprehenderit in voluptate velit esse cillum dolore eu fugiat nulla pariatur. Excepteur sint occaecat cupidatat non proident, sunt in culpa qui officia deserunt mollit anim id est laborum.</p><p>Lorem ipsum dolor sit amet, consectetur adipisicing elit, sed do eiusmod tempor incididunt ut labore et dolore magna aliqua. Ut enim ad minim veniam, quis nostrud exercitation ullamco laboris nisi ut aliquip ex ea commodo consequat. Duis aute irure dolor in reprehenderit in voluptate velit esse cillum dolore eu fugiat nulla pariatur. Excepteur sint occaecat cupidatat non proident, sunt in culpa qui officia deserunt mollit anim id est laborum.</p>');
INSERT INTO `content` VALUES(2, 'Title 2', '<p>Lorem ipsum dolor sit amet, consectetur adipisicing elit, sed do eiusmod tempor incididunt ut labore et dolore magna aliqua. Ut enim ad minim veniam, quis nostrud exercitation ullamco laboris nisi ut aliquip ex ea commodo consequat. Duis aute irure dolor in reprehenderit in voluptate velit esse cillum dolore eu fugiat nulla pariatur. Excepteur sint occaecat cupidatat non proident, sunt in culpa qui officia deserunt mollit anim id est laborum.</p>');

-- --------------------------------------------------------

--
-- Table structure for table `images`
--

CREATE TABLE `images` (
  `id` int(11) NOT NULL AUTO_INCREMENT,
  `name` varchar(50) NOT NULL,
  `column_id` int(11) NOT NULL,
  `sort_no` int(11) NOT NULL,
  PRIMARY KEY (`id`),
  UNIQUE KEY `name` (`name`)
) ENGINE=MyISAM  DEFAULT CHARSET=latin1 AUTO_INCREMENT=14 ;

--
-- Dumping data for table `images`
--

INSERT INTO `images` VALUES(1, 'finalfantasy3.jpg', 4, 8);
INSERT INTO `images` VALUES(2, '04.jpg', 5, 10);
INSERT INTO `images` VALUES(3, '01_wall-e_walle02.jpg', 3, 6);
INSERT INTO `images` VALUES(4, '02_batman_joker02.jpg', 3, 5);
INSERT INTO `images` VALUES(5, '04_batman_joker02.jpg', 3, 7);
INSERT INTO `images` VALUES(6, '05_batman_joker.jpg', 2, 4);
INSERT INTO `images` VALUES(7, 'sport_biathlonpara.gif', 5, 12);
INSERT INTO `images` VALUES(8, '2089911407_2e67513f58.jpg', 4, 9);
INSERT INTO `images` VALUES(9, '127451.bin.jpeg', 1, 1);
INSERT INTO `images` VALUES(10, 'vancouver_2010_mascots10.jpg', 1, 2);
INSERT INTO `images` VALUES(11, 'quatchi.jpg', 5, 11);
INSERT INTO `images` VALUES(12, 'mukmuk.jpg', 2, 3);
INSERT INTO `images` VALUES(13, '34e044daee74cfc3cfc9c46ab62e6a34.jpg', 1, 0);

-- --------------------------------------------------------

--
-- Table structure for table `links`
--

CREATE TABLE `links` (
  `id` int(11) NOT NULL AUTO_INCREMENT,
  `link` varchar(40) NOT NULL,
  `title` varchar(60) NOT NULL,
  `active` enum('0','1') NOT NULL,
  PRIMARY KEY (`id`)
) ENGINE=MyISAM  DEFAULT CHARSET=latin1 AUTO_INCREMENT=6 ;

--
-- Dumping data for table `links`
--

INSERT INTO `links` VALUES(1, 'home', 'Content', '1');
INSERT INTO `links` VALUES(2, 'panels', 'Panels', '1');
INSERT INTO `links` VALUES(3, 'images', 'Images', '1');
INSERT INTO `links` VALUES(4, 'upload', 'Upload Files', '1');
INSERT INTO `links` VALUES(5, 'template_page', 'Template Page', '1');

-- --------------------------------------------------------

--
-- Table structure for table `template_box`
--

CREATE TABLE `template_box` (
  `id` int(11) NOT NULL AUTO_INCREMENT,
  `page_id` int(11) NOT NULL,
  `image` varchar(100) NOT NULL,
  `column_id` int(11) NOT NULL,
  `sort_no` int(11) NOT NULL,
  PRIMARY KEY (`id`)
) ENGINE=MyISAM  DEFAULT CHARSET=latin1 AUTO_INCREMENT=6 ;

--
-- Dumping data for table `template_box`
--

INSERT INTO `template_box` VALUES(1, 1, 'img01.jpg', 1, 0);
INSERT INTO `template_box` VALUES(2, 1, 'img02.jpg', 2, 0);
INSERT INTO `template_box` VALUES(3, 1, 'img03.jpg', 3, 0);
INSERT INTO `template_box` VALUES(4, 2, 'img01.jpg', 1, 0);
INSERT INTO `template_box` VALUES(5, 2, 'img02.jpg', 2, 0);

-- --------------------------------------------------------

--
-- Table structure for table `template_content`
--

CREATE TABLE `template_content` (
  `id` int(11) NOT NULL AUTO_INCREMENT,
  `page_id` int(11) NOT NULL,
  `title` varchar(100) NOT NULL,
  `content` text NOT NULL,
  `column_id` int(11) NOT NULL,
  `sort_no` int(11) NOT NULL,
  PRIMARY KEY (`id`)
) ENGINE=MyISAM  DEFAULT CHARSET=latin1 AUTO_INCREMENT=19 ;

--
-- Dumping data for table `template_content`
--

INSERT INTO `template_content` VALUES(1, 1, 'Content Box 1', '<p>Lorem ipsum dolor sit amet, consectetur adipisicing elit, sed do eiusmod tempor incididunt ut labore et dolore magna aliqua. Ut enim ad minim veniam, quis nostrud exercitation ullamco laboris nisi ut aliquip ex ea commodo consequat. Duis aute irure dolor in reprehenderit in voluptate velit esse cillum dolore eu fugiat nulla pariatur. Excepteur sint occaecat cupidatat non proident, sunt in culpa qui officia deserunt mollit anim id est laborum.</p><p>Lorem ipsum dolor sit amet, consectetur adipisicing elit, sed do eiusmod tempor incididunt ut labore et dolore magna aliqua. Ut enim ad minim veniam, quis nostrud exercitation ullamco laboris nisi ut aliquip ex ea commodo consequat. Duis aute irure dolor in reprehenderit in voluptate velit esse cillum dolore eu fugiat nulla pariatur. Excepteur sint occaecat cupidatat non proident, sunt in culpa qui officia deserunt mollit anim id est laborum.</p>', 1, 0);
INSERT INTO `template_content` VALUES(2, 1, 'Content Box 2', '<p>Lorem ipsum dolor sit amet, consectetur adipisicing elit, sed do eiusmod tempor incididunt ut labore et dolore magna aliqua. Ut enim ad minim veniam, quis nostrud exercitation ullamco laboris nisi ut aliquip ex ea commodo consequat. Duis aute irure dolor in reprehenderit in voluptate velit esse cillum dolore eu fugiat nulla pariatur. Excepteur sint occaecat cupidatat non proident, sunt in culpa qui officia deserunt mollit anim id est laborum.</p>', 2, 0);
INSERT INTO `template_content` VALUES(3, 1, 'Content Box 3', '<p>Lorem ipsum dolor sit amet, consectetur adipisicing elit, sed do eiusmod tempor incididunt ut labore et dolore magna aliqua. Ut enim ad minim veniam, quis nostrud exercitation ullamco laboris nisi ut aliquip ex ea commodo consequat. Duis aute irure dolor in reprehenderit in voluptate velit esse cillum dolore eu fugiat nulla pariatur. Excepteur sint occaecat cupidatat non proident, sunt in culpa qui officia deserunt mollit anim id est laborum.</p><p>Lorem ipsum dolor sit amet, consectetur adipisicing elit, sed do eiusmod tempor incididunt ut labore et d sunt in culpa qui officia deserunt mollit anim id est laborum.</p>', 3, 0);
INSERT INTO `template_content` VALUES(4, 1, 'Content Box 4', '<p>Lorem ipsum dolor sit amet, consectetur adipisicing elit, sed do eiusmod tempor incididunt ut labore et dolore magna aliqua. Ut enim ad minim veniam, quis nostrud exercitation ullamco laboris nisi ut aliquip ex ea commodo consequat. Duis aute irure dolor in reprehenderit in voluptate velit esse cillum dolore eu fugiat nulla pariatur. Excepteur sint occaecat cupidatat non proident, sunt in culpa qui officia deserunt mollit anim id est laborum.</p>', 0, 0);
INSERT INTO `template_content` VALUES(5, 1, 'Content Box 5', '<p>Lorem ipsum dolor sit amet, consectetur adipisicing elit, sed do eiusmod tempor incididunt ut labore et dolore magna aliqua. Ut enim ad minim veniam, quis nostrud exercitation ullamco laboris nisi ut aliquip ex ea commodo consequat. Duis aute irure dolor in reprehenderit in voluptate velit esse cillum dolore eu fugiat nulla pariatur. Excepteur sint occaecat cupidatat non proident, sunt in culpa qui officia deserunt mollit anim id est laborum.</p><p>Lorem ipsum dolor sit amet, consectetur adipisicing elit, sed do eiusmod tempor incididunt ut labore et d sunt in culpa qui officia deserunt mollit anim id est laborum.</p>', 0, 0);
INSERT INTO `template_content` VALUES(6, 2, 'Content Box 1', '<p>Lorem ipsum dolor sit amet, consectetur adipisicing elit, sed do eiusmod tempor incididunt ut labore et dolore magna aliqua. Ut enim ad minim veniam, quis nostrud exercitation ullamco laboris nisi ut aliquip ex ea commodo consequat. Duis aute irure dolor in reprehenderit in voluptate velit esse cillum dolore eu fugiat nulla pariatur. Excepteur sint occaecat cupidatat non proident, sunt in culpa qui officia deserunt mollit anim id est laborum.</p><p>Lorem ipsum dolor sit amet, consectetur adipisicing elit, sed do eiusmod tempor incididunt ut labore et d sunt in culpa qui officia deserunt mollit anim id est laborum.</p><p>Lorem ipsum dolor sit amet, consectetur adipisicing elit, sed do eiusmod tempor incididunt ut labore et dolore magna aliqua. Ut enim ad minim veniam, quis nostrud exercitation ullamco laboris nisi ut aliquip ex ea commodo consequat. Duis aute irure dolor in reprehenderit in voluptate velit esse cillum dolore eu fugiat nulla pariatur. Excepteur sint occaecat cupidatat non proident, sunt in culpa qui officia deserunt mollit anim id est laborum.</p><p>Lorem ipsum dolor sit amet, consectetur adipisicing elit, sed do eiusmod tempor incididunt ut labore et d sunt in culpa qui officia deserunt mollit anim id est laborum.</p>', 0, 0);
INSERT INTO `template_content` VALUES(7, 2, 'Content Box 2', '<p>Lorem ipsum dolor sit amet, consectetur adipisicing elit, sed do eiusmod tempor incididunt ut labore et dolore magna aliqua. Ut enim ad minim veniam, quis nostrud exercitation ullamco laboris nisi ut aliquip ex ea commodo consequat. Duis aute irure dolor in reprehenderit in voluptate velit esse cillum dolore eu fugiat nulla pariatur. Excepteur sint occaecat cupidatat non proident, sunt in culpa qui officia deserunt mollit anim id est laborum.</p><p>Lorem ipsum dolor sit amet, consectetur adipisicing elit, sed do eiusmod tempor incididunt ut labore et d sunt in culpa qui officia deserunt mollit anim id est laborum.</p>', 0, 0);
INSERT INTO `template_content` VALUES(8, 2, 'Content Box 3', '<p> Lorem ipsum dolor sit amet, consectetur adipisicing elit, sed do eiusmod tempor incididunt ut labore et dolore magna aliqua. Ut enim ad minim veniam, quis nostrud exercitation ullamco laboris nisi ut aliquip ex ea commodo consequat. Duis aute irure dolor in reprehenderit in voluptate velit esse cillum dolore eu fugiat nulla pariatur. Excepteur sint occaecat cupidatat non proident, sunt in culpa qui officia deserunt mollit anim id est laborum.</p>', 0, 0);
INSERT INTO `template_content` VALUES(9, 2, 'Content Box 4', '<p>velit esse cillum dolore eu fugiat nulla pariatur. Excepteur sint occaecat cupidatat non proident, sunt in culpa qui officia deserunt mollit anim id est laborum.</p><p>velit esse cillum dolore eu fugiat nulla pariatur. Excepteur sint occaecat cupidatat non proident, sunt in culpa qui officia deserunt mollit anim id est laborum.</p>', 0, 0);
INSERT INTO `template_content` VALUES(10, 1, 'Content Box 1', '<p> Lorem ipsum dolor sit amet, consectetur adipisicing elit, sed do eiusmod tempor incididunt ut labore et dolore magna aliqua. Ut enim ad minim veniam, quis nostrud exercitation ullamco laboris nisi ut aliquip ex ea commodo consequat. Duis aute irure dolor in reprehenderit in voluptate velit esse cillum dolore eu fugiat nulla pariatur. Excepteur sint occaecat cupidatat non proident, sunt in culpa qui officia deserunt mollit anim id est laborum.</p>\r\n<p> Lorem ipsum dolor sit amet, consectetur adipisicing elit, sed do eiusmod tempor incididunt ut labore et dolore magna aliqupa qui officia deserunt mollit anim id est laborum.</p>', 1, 0);
INSERT INTO `template_content` VALUES(11, 1, 'Content Box 2', '<p>velit esse cillum dolore eu fugiat nulla pariatur. Excepteur sint occaecat cupidatat non proident, sunt in culpa qui officia deserunt mollit anim id est laborum.</p><p>velit esse cillum dolore eu fugiat nulla pariatur. Excepteur sint occaecat cupidatat non proident, sunt in culpa qui officia deserunt mollit anim id est laborum.</p>\r\n', 1, 1);
INSERT INTO `template_content` VALUES(12, 1, 'Content Box 3', '<p>velit esse cillum dolore eu fugiat nulla pariatur. Excepteur sint occaecat cupidatat non proident, sunt in culpa qui officia deserunt mollit anim id est laborum.</p><p>velit esse cillum dolore eu fugiat nulla pariatur. Excepteur sint occaecat cupidatat non proident, sunt in culpa qui officia deserunt mollit anim id est laborum.</p><p>velit esse cillum dolore eu fugiat nulla pariatur. Excepteur sint occaecat cupidatat non proident, sunt in culpa qui officia deserunt mollit anim id est laborum.</p>\r\n', 1, 2);
INSERT INTO `template_content` VALUES(13, 1, 'Content Box 4', '<p> Lorem ipsum dolor sit amet, consectetur adipisicing elit, sed do eiusmod tempor incididunt ut labore et dolore magna aliqua. Ut enim ad minim veniam, quis nostrud exercitation ullamco laboris nisi ut aliquip ex ea commodo consequat. Duis aute irure dolor in reprehenderit in voluptate velit esse cillum dolore eu fugiat nulla pariatur. Excepteur sint occaecat cupidatat non proident, sunt in culpa qui officia deserunt mollit anim id est laborum.</p>\r\n', 1, 3);
INSERT INTO `template_content` VALUES(14, 2, 'Content Box 1', '<p> Lorem ipsum dolor sit amet, consectetur adipisicing elit, sed do eiusmod tempor incididunt ut labore et dolore magna aliqua. Ut enim ad minim veniam, quis nostrud exercitation ullamco laboris nisi ut aliquip ex ea commodo consequat. Duis aute irure dolor in reprehenderit in voluptate velit esse cillum dolore eu fugiat nulla pariatur. Excepteur sint occaecat cupidatat non proident, sunt in culpa qui officia deserunt mollit anim id est laborum.</p>\r\n<p> Lorem ipsum dolor sit amet, consectetur adipisicing elit, sed do eiusmod tempor incididunt ut labore et dolore magna aliqupa qui officia deserunt mollit anim id est laborum.</p>', 2, 0);
INSERT INTO `template_content` VALUES(15, 2, 'Content Box 2', '<p>velit esse cillum dolore eu fugiat nulla pariatur. Excepteur sint occaecat cupidatat non proident, sunt in culpa qui officia deserunt mollit anim id est laborum.</p><p>velit esse cillum dolore eu fugiat nulla pariatur. Excepteur sint occaecat cupidatat non proident, sunt in culpa qui officia deserunt mollit anim id est laborum.</p>\r\n', 2, 1);
INSERT INTO `template_content` VALUES(16, 2, 'Content Box 3', '<p>velit esse cillum dolore eu fugiat nulla pariatur. Excepteur sint occaecat cupidatat non proident, sunt in culpa qui officia deserunt mollit anim id est laborum.</p><p>velit esse cillum dolore eu fugiat nulla pariatur. Excepteur sint occaecat cupidatat non proident, sunt in culpa qui officia deserunt mollit anim id est laborum.</p><p>velit esse cillum dolore eu fugiat nulla pariatur. Excepteur sint occaecat cupidatat non proident, sunt in culpa qui officia deserunt mollit anim id est laborum.</p>\r\n', 2, 2);
INSERT INTO `template_content` VALUES(17, 2, 'Content Box 4', '<p> Lorem ipsum dolor sit amet, consectetur adipisicing elit, sed do eiusmod tempor incididunt ut labore et dolore magna aliqua. Ut enim ad minim veniam, quis nostrud exercitation ullamco laboris nisi ut aliquip ex ea commodo consequat. Duis aute irure dolor in reprehenderit in voluptate velit esse cillum dolore eu fugiat nulla pariatur. Excepteur sint occaecat cupidatat non proident, sunt in culpa qui officia deserunt mollit anim id est laborum.</p>\r\n', 2, 3);
INSERT INTO `template_content` VALUES(18, 2, 'Content Box 5', '<p> Lorem ipsum dolor sit amet, consectetur adipisicing elit, sed do eiusmod tempor incididunt ut labore et dolore magna aliqua. Ut enim ad minim veniam, quis nostrud exercitation ullamco laboris nisi ut aliquip ex ea commodo consequat. Duis aute irure dolor in reprehenderit in voluptate velit esse cillum dolore eu fugiat nulla pariatur. Excepteur sint occaecat cupidatat non proident, sunt in culpa qui officia deserunt mollit anim id est laborum.</p>\r\n<p> Lorem ipsum dolor sit amet, consectetur adipisicing elit, sed do eiusmod tempor incididunt ut labore et dolore magna aliqupa qui officia deserunt mollit anim id est laborum.</p>', 2, 4);

-- --------------------------------------------------------

--
-- Table structure for table `template_page`
--

CREATE TABLE `template_page` (
  `id` int(11) NOT NULL AUTO_INCREMENT,
  `desc_title` varchar(100) NOT NULL,
  `descr` blob NOT NULL,
  `stats_title` varchar(100) NOT NULL,
  `stats` blob NOT NULL,
  PRIMARY KEY (`id`)
) ENGINE=MyISAM  DEFAULT CHARSET=latin1 AUTO_INCREMENT=3 ;

--
-- Dumping data for table `template_page`
--

INSERT INTO `template_page` VALUES(1, 'Created Template 1', 0x3c703e4c6f72656d20697073756d20646f6c6f722073697420616d65742c20636f6e7365637465747572206164697069736963696e6720656c69742c2073656420646f20656975736d6f642074656d706f7220696e6369646964756e74207574206c61626f726520657420646f6c6f7265206d61676e6120616c697175612e20557420656e696d206164206d696e696d2076656e69616d2c2071756973206e6f737472756420657865726369746174696f6e20756c6c616d636f206c61626f726973206e69736920757420616c697175697020657820656120636f6d6d6f646f20636f6e7365717561742e2044756973206175746520697275726520646f6c6f7220696e20726570726568656e646572697420696e20766f6c7570746174652076656c697420657373652063696c6c756d20646f6c6f726520657520667567696174206e756c6c612070617269617475722e204578636570746575722073696e74206f6363616563617420637570696461746174206e6f6e2070726f6964656e742c2073756e7420696e2063756c706120717569206f666669636961206465736572756e74206d6f6c6c697420616e696d20696420657374206c61626f72756d2e3c2f703e0a3c703e4c6f72656d20697073756d20646f6c6f722073697420616d65742c20636f6e7365637465747572206164697069736963696e6720656c69742c2073656420646f20656975736d6f642074656d706f7220696e6369646964756e74207574206c61626f726520657420646f6c6f7265206d61676e6120616c697175612e20557420656e696d206164206d696e696d2076656e69616d2c2071756973206e6f737472756420657865726369746174696f6e20756c6c616d636f206c61626f726973206e69736920757420616c697175697020657820656120636f6d6d6f646f20636f6e7365717561742e2044756973206175746520697275726520646f6c6f7220696e20726570726568656e646572697420696e20766f6c7570746174652076656c697420657373652063696c6c756d20646f6c6f726520657520667567696174206e756c6c612070617269617475722e204578636570746575722073696e74206f6363616563617420637570696461746174206e6f6e2070726f6964656e742c2073756e7420696e2063756c706120717569206f666669636961206465736572756e74206d6f6c6c697420616e696d20696420657374206c61626f72756d2e3c2f703e0a3c703e4c6f72656d20697073756d20646f6c6f722073697420616d65742c20636f6e7365637465747572206164697069736963696e6720656c69742c2073656420646f20656975736d6f642074656d706f7220696e6369646964756e74207574206c61626f726520657420646f6c6f7265206d61676e6120616c697175612e20557420656e696d206164206d696e696d2076656e69616d2c2071756973206e6f737472756420657865726369746174696f6e20756c6c616d636f206c61626f726973206e69736920757420616c697175697020657820656120636f6d6d6f646f20636f6e7365717561742e2044756973206175746520697275726520646f6c6f7220696e20726570726568656e646572697420696e20766f6c7570746174652076656c697420657373652063696c6c756d20646f6c6f726520657520667567696174206e756c6c612070617269617475722e204578636570746575722073696e74206f6363616563617420637570696461746174206e6f6e2070726f6964656e742c2073756e7420696e2063756c706120717569206f666669636961206465736572756e74206d6f6c6c697420616e696d20696420657374206c61626f72756d2e3c2f703e, 'Stats Template 1', 0x3c756c3e0a3c6c693e4c6f72656d3c2f6c693e0a3c6c693e697073756d3c2f6c693e0a3c6c693e646f6c6f723c2f6c693e0a3c6c693e73697420616d65743c2f6c693e0a3c2f756c3e);
INSERT INTO `template_page` VALUES(2, 'Created Template 2', 0x3c703e4c6f72656d20697073756d20646f6c6f722073697420616d65742c20636f6e7365637465747572206164697069736963696e6720656c69742c2073656420646f20656975736d6f642074656d706f7220696e6369646964756e74207574206c61626f726520657420646f6c6f7265206d61676e6120616c697175612e20557420656e696d206164206d696e696d2076656e69616d2c2071756973206e6f737472756420657865726369746174696f6e20756c6c616d636f206c61626f726973206e69736920757420616c697175697020657820656120636f6d6d6f646f20636f6e7365717561742e2044756973206175746520697275726520646f6c6f7220696e20726570726568656e646572697420696e20766f6c7570746174652076656c697420657373652063696c6c756d20646f6c6f726520657520667567696174206e756c6c612070617269617475722e204578636570746575722073696e74206f6363616563617420637570696461746174206e6f6e2070726f6964656e742c2073756e7420696e2063756c706120717569206f666669636961206465736572756e74206d6f6c6c697420616e696d20696420657374206c61626f72756d2e3c2f703e0a3c703e4c6f72656d20697073756d20646f6c6f722073697420616d65742c20636f6e7365637465747572206164697069736963696e6720656c69742c2073656420646f20656975736d6f642074656d706f7220696e6369646964756e74207574206c61626f726520657420646f6c6f7265206d61676e6120616c697175612e20557420656e696d206164206d696e696d2076656e69616d2c2071756973206e6f737472756420657865726369746174696f6e20756c6c616d636f206c61626f726973206e69736920757420616c697175697020657820656120636f6d6d6f646f20636f6e7365717561742e2044756973206175746520697275726520646f6c6f7220696e20726570726568656e646572697420696e20766f6c7570746174652076656c697420657373652063696c6c756d20646f6c6f726520657520667567696174206e756c6c612070617269617475722e204578636570746575722073696e74206f6363616563617420637570696461746174206e6f6e2070726f6964656e742c2073756e7420696e2063756c706120717569206f666669636961206465736572756e74206d6f6c6c697420616e696d20696420657374206c61626f72756d2e3c2f703e0a3c703e4c6f72656d20697073756d20646f6c6f722073697420616d65742c20636f6e7365637465747572206164697069736963696e6720656c69742c2073656420646f20656975736d6f642074656d706f7220696e6369646964756e74207574206c61626f726520657420646f6c6f7265206d61676e6120616c697175612e20557420656e696d206164206d696e696d2076656e69616d2c2071756973206e6f737472756420657865726369746174696f6e20756c6c616d636f206c61626f726973206e69736920757420616c697175697020657820656120636f6d6d6f646f20636f6e7365717561742e2044756973206175746520697275726520646f6c6f7220696e20726570726568656e646572697420696e20766f6c7570746174652076656c697420657373652063696c6c756d20646f6c6f726520657520667567696174206e756c6c612070617269617475722e204578636570746575722073696e74206f6363616563617420637570696461746174206e6f6e2070726f6964656e742c2073756e7420696e2063756c706120717569206f666669636961206465736572756e74206d6f6c6c697420616e696d20696420657374206c61626f72756d2e3c2f703e, 'Stats Template 2', 0x3c756c3e0a3c6c693e4c6f72656d3c2f6c693e0a3c6c693e697073756d3c2f6c693e0a3c6c693e646f6c6f723c2f6c693e0a3c6c693e73697420616d65743c2f6c693e0a3c2f756c3e);

-- --------------------------------------------------------

--
-- Table structure for table `users`
--

CREATE TABLE `users` (
  `user_id` int(10) unsigned NOT NULL AUTO_INCREMENT,
  `username` varchar(25) NOT NULL,
  `password` varchar(40) NOT NULL,
  PRIMARY KEY (`user_id`)
) ENGINE=MyISAM  DEFAULT CHARSET=latin1 AUTO_INCREMENT=2 ;

--
-- Dumping data for table `users`
--

INSERT INTO `users` VALUES(1, 'test', 'a94a8fe5ccb19ba61c4c0873d391e987982fbbd3');

-- --------------------------------------------------------

--
-- Table structure for table `widgets`
--

CREATE TABLE `widgets` (
  `id` int(11) NOT NULL AUTO_INCREMENT,
  `column_id` int(11) NOT NULL,
  `sort_no` int(11) NOT NULL,
  `title` varchar(100) NOT NULL,
  `content` longtext NOT NULL,
  PRIMARY KEY (`id`)
) ENGINE=InnoDB  DEFAULT CHARSET=utf8 AUTO_INCREMENT=6 ;

--
-- Dumping data for table `widgets`
--

INSERT INTO `widgets` VALUES(1, 1, 3, 'Panel 1', 'Lorem ipsum dolor sit amet, consectetur adipisicing elit, sed do eiusmod tempor incididunt ut labore et dolore magna aliqua. Ut enim ad minim veniam, quis nostrud exercitation ullamco laboris nisi ut aliquip ex ea commodo consequat. Duis aute irure dolor in reprehenderit in voluptate velit esse cillum dolore eu fugiat nulla pariatur. Excepteur sint occaecat cupidatat non proident, sunt in culpa qui officia deserunt mollit anim id est laborum\r\n\r\nLorem ipsum dolor sit amet, consectetur adipisicing elit, sed do eiusmod tempor incididunt ut labore et dolore magna aliqua. Ut enim ad minim veniam, quis nostrud exercitation ullamco laboris nisi ut aliquip ex ea commodo consequat. Duis aute irure dolor in reprehenderit in voluptate velit esse cillum dolore eu fugiat nulla pariatur. Excepteur sint occaecat cupidatat non proident, sunt in culpa qui officia deserunt mollit anim id est laborum.');
INSERT INTO `widgets` VALUES(2, 1, 4, 'Panel 2', 'Lorem ipsum dolor sit amet, consectetur adipisicing elit, sed do eiusmod tempor incididunt ut labore et dolore magna aliqua. Ut enim ad minim veniam, quis nostrud \r\n\r\nLorem ipsum dolor sit amet, consectetur adipisicing elit, sed do eiusmod tempor incididunt ut labore et dolore magna aliqua. Ut enim ad minim veniam, quis nostrud exercitation ullamco laboris nisi ut aliquip ex ea commodo consequat. Duis aute irure dolor in reprehenderit in voluptate velit esse cillum dolore eu fugiat nulla pariatur. Excepteur sint occaecat cupidatat non proident, sunt in culpa qui officia deserunt mollit anim id est laborum.');
INSERT INTO `widgets` VALUES(3, 1, 2, 'Panel 3', 'Lorem ipsum dolor sit amet, consectetur adipisicing elit, sed do eiusmod tempor incididunt ut labore et dolore magna aliqua. Ut enim ad minim veniam, quis nostrud exercitation ullamco laboris nisi ut aliquip ex ea commodo consequat. Duis aute irure dolor in reprehenderit in voluptate velit esse cillum dolore eu fugiat nulla pariatur. Excepteur sint occaecat cupidatat non proident, sunt in culpa qui officia deserunt mollit anim id est laborum.');
INSERT INTO `widgets` VALUES(4, 1, 1, 'Panel 4', 'Lorem ipsum dolor sit amet, consectetur adipisicing elit, sed do eiusmod tempor incididunt ut labore et dolore magna aliqua. Ut enim ad minim veniam, quis nostrud exercitation ullamco laboris nisi ut aliquip ex ea commodo consequat. Duis aute irure dolor in reprehenderit in voluptate velit esse cillum dolore eu fugiat nulla pariatur. Excepteur sint occaecat cupidatat non proident, sunt in culpa qui officia deserunt mollit anim id est laborum.\r\n\r\nLorem ipsum dolor sit amet, consectetur adipisicing elit, sed do eiusmod tempor incididunt ut labore et dolore magna aliqua. Ut enim ad minim veniam, quis nostrud exercitation ullamco laboris nisi ut aliquip ex ea commodo consequat. Duis aute irure dolor in reprehenderit in voluptate velit esse cillum dolore eu fugiat nulla pariatur. Excepteur sint occaecat cupidatat non proident, sunt in culpa qui officia deserunt mollit anim id est laborum.');
INSERT INTO `widgets` VALUES(5, 1, 0, 'Panel 5', 'Lorem ipsum dolor sit amet, consectetur adipisicing elit, sed do eiusmod tempor incididunt ut labore et dolore magna aliqua. Ut enim ad minim veniam, quis nostrud exercitation ullamco');
